hora,nivel_m,chuva_mm,vazao_m3s
2026-09-20T18:00,2.22,0.0,29.7
2026-09-20T19:00,2.213,0.0,29.5
2026-09-20T20:00,2.204,0.0,29.3
2026-09-20T21:00,2.196,0.0,29.1
2026-09-20T22:00,2.189,0.0,28.9
2026-09-20T23:00,2.183,0.0,28.8
2026-09-21T00:00,2.176,0.0,28.6
2026-09-21T01:00,2.17,0.0,28.5
2026-09-21T02:00,2.165,0.0,28.4
2026-09-21T03:00,2.158,0.0,28.2
2026-09-21T04:00,2.153,0.0,28.1
2026-09-21T05:00,2.149,0.0,28.0
2026-09-21T06:00,2.145,0.0,27.9
2026-09-21T07:00,2.14,0.0,27.8
2026-09-21T08:00,2.136,0.0,27.7
2026-09-21T09:00,2.131,0.0,27.5
2026-09-21T10:00,2.127,0.0,27.4
2026-09-21T11:00,2.124,0.0,27.4
2026-09-21T12:00,2.12,0.0,27.3
2026-09-21T13:00,2.117,0.0,27.2
2026-09-21T14:00,2.114,0.0,27.1
2026-09-21T15:00,2.11,0.0,27.0
2026-09-21T16:00,2.107,0.0,27.0
2026-09-21T17:00,2.104,0.0,26.9
2026-09-21T18:00,2.102,0.2,26.9
2026-09-21T19:00,2.104,5.2,26.9
2026-09-21T20:00,2.121,13.2,27.3
2026-09-21T21:00,2.164,12.0,28.3
2026-09-21T22:00,2.239,11.6,30.1
2026-09-21T23:00,2.314,2.8,31.9
2026-09-22T00:00,2.376,1.0,33.4
2026-09-22T01:00,2.433,4.0,34.8
2026-09-22T02:00,2.501,6.2,36.5
2026-09-22T03:00,2.557,0.4,37.9
2026-09-22T04:00,2.599,0.0,39.0
2026-09-22T05:00,2.633,0.0,39.9
2026-09-22T06:00,2.665,0.0,40.7
2026-09-22T07:00,2.704,0.0,41.7
2026-09-22T08:00,2.747,0.0,42.8
2026-09-22T09:00,2.786,0.0,43.8
2026-09-22T10:00,2.819,0.0,44.7
2026-09-22T11:00,2.848,0.0,45.5
2026-09-22T12:00,2.873,0.0,46.1
2026-09-22T13:00,2.896,0.0,46.7
2026-09-22T14:00,2.913,0.0,47.1
2026-09-22T15:00,2.926,0.0,47.5
2026-09-22T16:00,2.936,0.0,47.7
2026-09-22T17:00,2.943,0.0,47.9
2026-09-22T18:00,2.948,0.0,48.0
2026-09-22T19:00,2.95,0.0,48.1
2026-09-22T20:00,2.95,0.2,48.1
2026-09-22T21:00,2.948,0.2,48.0
2026-09-22T22:00,2.943,0.0,47.9
2026-09-22T23:00,2.939,0.0,47.8
2026-09-23T00:00,2.932,0.0,47.6
2026-09-23T01:00,2.925,0.0,47.5
2026-09-23T02:00,2.918,0.0,47.3
2026-09-23T03:00,2.91,0.0,47.1
2026-09-23T04:00,2.902,0.0,46.9
2026-09-23T05:00,2.894,0.2,46.6
2026-09-23T06:00,2.887,0.4,46.5
2026-09-23T07:00,2.88,0.0,46.3
2026-09-23T08:00,2.873,0.0,46.1
2026-09-23T09:00,2.866,0.0,45.9
2026-09-23T10:00,2.86,0.0,45.8
2026-09-23T11:00,2.855,0.0,45.6
2026-09-23T12:00,2.85,0.0,45.5
2026-09-23T13:00,2.845,0.0,45.4
2026-09-23T14:00,2.84,0.0,45.2
2026-09-23T15:00,2.836,0.0,45.1
2026-09-23T16:00,2.832,0.0,45.0
2026-09-23T17:00,2.83,0.0,45.0
2026-09-23T18:00,2.828,0.0,44.9
2026-09-23T19:00,2.827,0.0,44.9
2026-09-23T20:00,2.827,0.0,44.9
2026-09-23T21:00,2.829,0.0,45.0
2026-09-23T22:00,2.832,0.0,45.0
2026-09-23T23:00,2.835,0.0,45.1
2026-09-24T00:00,2.837,0.0,45.2
2026-09-24T01:00,2.841,0.0,45.3
2026-09-24T02:00,2.847,0.0,45.4
2026-09-24T03:00,2.852,0.0,45.5
2026-09-24T04:00,2.859,0.0,45.7
2026-09-24T05:00,2.867,0.0,45.9
2026-09-24T06:00,2.874,0.0,46.1
2026-09-24T07:00,2.883,0.0,46.4
2026-09-24T08:00,2.891,0.0,46.6
2026-09-24T09:00,2.901,0.0,46.8
2026-09-24T10:00,2.909,0.0,47.0
2026-09-24T11:00,2.92,0.0,47.3
2026-09-24T12:00,2.93,0.0,47.6
2026-09-24T13:00,2.939,0.0,47.8
2026-09-24T14:00,2.95,0.0,48.1
2026-09-24T15:00,2.96,0.0,48.4
2026-09-24T16:00,2.97,0.0,48.6
2026-09-24T17:00,2.981,0.0,48.9
2026-09-24T18:00,2.991,0.0,49.2
2026-09-24T19:00,3.0,0.0,49.4
2026-09-24T20:00,3.009,0.0,49.6
2026-09-24T21:00,3.019,0.0,49.9
2026-09-24T22:00,3.027,0.0,50.1
2026-09-24T23:00,3.034,0.0,50.3
2026-09-25T00:00,3.042,0.0,50.6
2026-09-25T01:00,3.049,0.0,50.8
2026-09-25T02:00,3.055,0.0,50.9
2026-09-25T03:00,3.061,0.0,51.1
2026-09-25T04:00,3.066,0.0,51.2
2026-09-25T05:00,3.071,0.0,51.4
2026-09-25T06:00,3.074,0.0,51.4
2026-09-25T07:00,3.077,0.0,51.5
2026-09-25T08:00,3.079,0.0,51.6
2026-09-25T09:00,3.082,0.0,51.7
2026-09-25T10:00,3.082,0.0,51.7
2026-09-25T11:00,3.083,0.0,51.7
2026-09-25T12:00,3.082,0.0,51.7
2026-09-25T13:00,3.082,0.0,51.7
2026-09-25T14:00,3.08,0.0,51.6
2026-09-25T15:00,3.079,0.0,51.6
2026-09-25T16:00,3.076,0.0,51.5
2026-09-25T17:00,3.074,0.0,51.4
2026-09-25T18:00,3.071,0.0,51.4
2026-09-25T19:00,3.068,0.0,51.3
2026-09-25T20:00,3.065,0.0,51.2
2026-09-25T21:00,3.061,0.0,51.1
2026-09-25T22:00,3.056,0.0,50.9
2026-09-25T23:00,3.052,0.0,50.8
2026-09-26T00:00,3.047,0.0,50.7
2026-09-26T01:00,3.043,0.0,50.6
2026-09-26T02:00,3.038,0.0,50.5
2026-09-26T03:00,3.033,0.0,50.3
2026-09-26T04:00,3.028,0.0,50.2
2026-09-26T05:00,3.022,0.0,50.0
2026-09-26T06:00,3.018,0.0,49.9
2026-09-26T07:00,3.013,0.0,49.8
2026-09-26T08:00,3.008,0.0,49.6
2026-09-26T09:00,3.002,0.0,49.5
2026-09-26T10:00,2.997,0.0,49.3
2026-09-26T11:00,2.992,0.0,49.2
2026-09-26T12:00,2.987,0.0,49.1
2026-09-26T13:00,2.982,0.0,48.9
2026-09-26T14:00,2.978,0.0,48.8
2026-09-26T15:00,2.973,0.0,48.7
2026-09-26T16:00,2.968,0.0,48.6
2026-09-26T17:00,2.963,0.0,48.4
2026-09-26T18:00,2.958,0.0,48.3
2026-09-26T19:00,2.953,0.0,48.2
2026-09-26T20:00,2.948,0.0,48.0
2026-09-26T21:00,2.943,0.0,47.9
2026-09-26T22:00,2.938,0.0,47.8
2026-09-26T23:00,2.933,0.0,47.7
2026-09-27T00:00,2.929,0.0,47.5
2026-09-27T01:00,2.924,0.0,47.4
2026-09-27T02:00,2.919,0.0,47.3
2026-09-27T03:00,2.914,0.0,47.2
2026-09-27T04:00,2.909,0.0,47.0
2026-09-27T05:00,2.905,0.0,46.9
2026-09-27T06:00,2.9,0.0,46.8
2026-09-27T07:00,2.896,0.0,46.7
2026-09-27T08:00,2.891,0.0,46.6
2026-09-27T09:00,2.886,0.0,46.4
2026-09-27T10:00,2.882,0.0,46.3
2026-09-27T11:00,2.878,0.0,46.2
2026-09-27T12:00,2.873,0.0,46.1
2026-09-27T13:00,2.869,0.0,46.0
2026-09-27T14:00,2.863,0.0,45.8
2026-09-27T15:00,2.859,0.0,45.7
2026-09-27T16:00,2.854,0.0,45.6
2026-09-27T17:00,2.85,0.0,45.5
2026-09-27T18:00,2.845,0.0,45.4
